"","species","avgbrood","avgsire","pmult","mean.q","sd.q","q2.5","q97.5","mean.nsires","sd.nsires","nsires2.5","nsires97.5","mean.nmates","sd.nmates","nmates2.5","nmates97.5","mean.estM","sd.estM","estM2.5","estM97.5","mean.est.pmult","sd.est.pmult","est.pmult2.5","est.pmult97.5","mean.avgR","sd.avgR","avgR2.5","avgR97.5","mean.avgM","sd.avgM","avgM2.5","avgM97.5","pred_pmult","pred_pmult_lcl","pred_pmult_ucl","resid_pmult","resid_pmult_lcl","resid_pmult_ucl"
"1","African wild dog, Lycaon pictus",4.2,1.2,0.167,0.374622239173734,0.0311777853122608,0.315579275643277,0.436036835860332,1.45,0.643558355509114,1,3,5.0109,3.1195561772018,2,13,3.89776129178098,1.7670354685317,2.32460128660311,8.38366355323282,0.75850863666887,0.0070945441056976,0.752868666962935,0.778290415084137,1.82983828112684,0.0903932901008938,1.66386876447905,2.01294150246715,3.22573348285323,0.272396298863947,2.75206106770957,3.80253106852409,0.778560239760832,0.766533294200229,0.796171193615766,0.611560239760832,0.599533294200229,0.629171193615766
"2","Agile antechinus, Antechinus agilis",7.7,2.8,0.978,0.3638098913563,0.00807498071323355,0.347959393925291,0.379597801476805,2.72765957446808,1.47543044077906,1,6,8.76802574468085,5.34063373527043,2,22,7.50118436731065,4.06192384030882,2.67494939713337,16.8695430074549,0.892019596425461,0.0060017010269592,0.880053832190792,0.90356111304022,2.89037219904511,0.055186503427681,2.78265237928968,2.99885523109622,7.70012373430641,0.171149280693409,7.37622817933599,8.04691595887428,0.829006380696996,0.816568500076441,0.844384006416507,-0.148993619303004,-0.161431499923559,-0.133615993583493
"3","Alpine marmot, Marmota marmota",3.5,1.3,0.265,0.445837603980375,0.010065172324814,0.425913952621286,0.465175452492618,1.625,0.818333193832332,1,4,4.87940558823529,2.90102527346022,2,12,3.64668654154517,1.83875561561538,2.16043221518064,8.83635889717674,0.736885040004221,0.00253297122277299,0.732804822428983,0.742492275869504,1.78694795484163,0.0238575966709559,1.74016382575657,1.83320727109036,2.91734923323614,0.0660087651691464,2.7946444573527,3.05225971596826,0.752951289897656,0.741527224748748,0.771161009111976,0.487951289897656,0.476527224748748,0.506161009111976
"4","American black bear, Ursus americanus",2.4,1.2,0.2,0.52389762752911,0.0413990964902996,0.441871169728892,0.605108663884734,1.5,0.90000090000135,1,3,4.125628,2.62140255380945,2,12,2.88137129920321,1.74987490120338,1.67277868940642,6.50885099201537,0.673630023370717,0.0109064736218279,0.666339349394663,0.705507711657771,1.51361086433591,0.0557047567312463,1.40778660120804,1.62724515619978,2.30509703936256,0.185643765453428,1.98311488771703,2.715723683711,0.67184356486874,0.664587514408272,0.68706713761398,0.47184356486874,0.464587514408272,0.48706713761398
"5","American mink, Neovison vison",3.6,1.6,0.6,0.461809459851241,0.038846043988947,0.385519525478386,0.538745325139249,1.52,0.727736943683717,1,3,4.528392,2.65275101894466,2,11,3.31516101661878,1.61827400212571,1.88964832707407,7.43060632033922,0.752045594659456,0.0148450602033242,0.7354260137896,0.789312186123585,1.86512551836325,0.09850750848422,1.67867038690791,2.0669874154173,3.48964317538819,0.299592214154377,2.96986335783124,4.15024375036775,0.757188656951053,0.745702608905727,0.775005796795384,0.157188656951053,0.145702608905727,0.175005796795384
"6","Arctic fox, Vulpes lagopus",5.4,1.1,0.125,0.303297723971508,0.0214662121678046,0.262317893028064,0.346485303767942,1.6875,0.830568848624703,1,3,6.65185375,4.4748025619499,2,18,5.59186762135203,2.78777618828373,2.94108996292334,10.9826461547608,0.778671552248665,0.00477190817113154,0.774876475131317,0.791810969888082,1.91027710287818,0.0826911717996103,1.75619381779486,2.08018136460615,3.64506926428873,0.259455625479372,3.17473782603268,4.19338531381886,0.79974393328585,0.785373909224472,0.818223874111273,0.67474393328585,0.660373909224472,0.693223874111273
"7","Asian lesser wihte-toothed shrew, Crocidura shantungensis",3,1.3,0.277,0.470488513830367,0.0204362277345424,0.430334858563508,0.510446425674738,1.56111111111111,0.803906581099644,1,3,4.55425777777778,2.71493895360923,2,11,3.3243631478238,1.71968977642985,1.9763342477366,6.97775546649266,0.711000571431914,0.00226605222572495,0.709277178700731,0.717503761865137,1.65806895317779,0.0385437814491054,1.58379585536574,1.73488998504096,2.76833087754722,0.120993892651021,2.54679028907263,3.02090331351176,0.72545934586151,0.714877885920786,0.744960516290689,0.44845934586151,0.437877885920786,0.467960516290689
"8","Big brown bat, Eptesicus fuscus",2,1.5,0.462,0.597350022493191,0.0198930996471197,0.558270163111818,0.635795549314307,1.41538461538462,0.665462551169955,1,3,3.62548384615385,1.91545089693439,2,9,2.37208139374818,1.11871492002826,1.58088686158482,5.18047006440527,0.620662470113003,0.00329644100122227,0.618037716186905,0.629651787545533,1.42615914742244,0.0202187346233076,1.38722245283491,1.46605591192405,2.51389060750487,0.0841798205433493,2.35924897810419,2.6868711645057,0.62291015026307,0.618881806134894,0.632377392105415,0.160910150263069,0.156881806134894,0.170377392105415
"9","Big-eared woodrat, Neotoma macrotis",2.2,1.2,0.2,0.563553091528028,0.0201801377589735,0.523796217381781,0.602712079401863,1.38,0.635295334029828,1,3,3.666068,1.96756960941869,2,9,2.45190255669746,1.13292257334492,1.66764376014359,5.43044219382892,0.64712205327133,0.00275921197291062,0.645107376636925,0.654962378955452,1.47873386366802,0.0240108729177505,1.4323804332505,1.52625661437076,2.13208917973693,0.0766882118978689,1.99100041476124,2.29096728881986,0.648686292464033,0.642936941038087,0.661330208585819,0.448686292464033,0.442936941038087,0.461330208585819
"10","Brandt's vole, Lasiopodomys brandtii",7.1,1.5,0.458,0.26363030775089,0.00993820544869846,0.244301548552663,0.283140730699536,1.91111111111111,0.999753241068576,1,4,8.24932740740741,5.74334648107738,2,23,7.25954409078611,3.81028224544583,3.58754390753561,16.1049559576255,0.802316370998932,0.00466563922826048,0.794620387538775,0.812581741554839,2.11269552934631,0.053625700395085,2.00956942759342,2.21911349009506,5.69789797823328,0.215515892630192,5.29771890248704,6.13995289423265,0.824356693722382,0.810896867687367,0.840729605818551,0.366356693722382,0.352896867687367,0.382729605818551
"11","Brazilian guinea pig, Cavia aperea",3.9,1.3,0.267,0.399479364903248,0.0199802119174462,0.361142904945616,0.438914772853263,1.63333333333333,0.819891865047258,1,4,5.278906,3.26610581908518,2,14,4.09892851525395,2.07042079927426,2.3075254915448,9.3581847864453,0.748609903853276,0.00407819942037895,0.744897644211332,0.759387178264774,1.80568824214869,0.0531962016905499,1.70558896617701,1.91260147642868,3.26241249173274,0.163918268336102,2.96185063799317,3.59968307350874,0.769231793647387,0.757514073564939,0.786761678800869,0.502231793647387,0.490514073564939,0.519761678800869
"12","Brown bear, Ursus arctos",2,1.1,0.145,0.563629529745032,0.0126411924135671,0.538959898157751,0.588079212044415,1.28115942028986,0.534945617011743,1,3,3.43521782608696,1.77754446008404,2,8,2.27419774603265,0.951199920466209,1.70478904660964,5.28402731228861,0.628187403215739,0.00468415599455853,0.620863173504735,0.638822582174548,1.39250628240855,0.0122560166939961,1.36888782005313,1.41651005997798,1.95262001045111,0.0438741538195557,1.87049631677098,2.04096817563791,0.62291015026307,0.618881806134894,0.632377392105415,0.477910150263069,0.473881806134894,0.487377392105415
"13","Canyon mouse, Peromyscus crinitus",3.8,1.2,0.2,0.388680945449288,0.0251096376181509,0.340413453495543,0.437788388676762,1.46,0.753923449960649,1,4,4.894977,3.17162816684053,2,13,3.7720888530373,1.96736041991562,2.30587444244696,9.6802773647355,0.744620556737466,0.0037991333379687,0.741910257239782,0.755070771474698,1.74712452417855,0.063258754825408,1.6285659962398,1.87363721992955,3.10034700249641,0.201832900996041,2.74105031425495,3.52512507451335,0.76546715333685,0.753801413374798,0.78302164808311,0.56546715333685,0.553801413374798,0.58302164808311
"14","Cape dune mole rat, Bathyergus suillus",2.7,1.3,0.263,0.553039861974789,0.0214156196975484,0.51048559257637,0.594879935351785,1.5,0.72366047712289,1,3,3.98983210526316,2.18264438002911,2,9,2.71637337707486,1.31574495957128,1.69376648530831,5.70535815778475,0.700867632547993,0.00671710936966812,0.691296561426361,0.716811205316692,1.68526781217606,0.0372797890215373,1.61268947794984,1.75959856499417,2.35419026013155,0.0917210255947141,2.18531492335343,2.5465948873292,0.701344734251143,0.692198356012326,0.719311274550271,0.438344734251143,0.429198356012326,0.456311274550271
"15","Cheetah, Acinonyx jubatus",3,1.5,0.435,0.471663719841875,0.017939087524149,0.436045456021822,0.506235737486758,1.58695652173913,0.779523071390282,1,4,4.61127782608695,2.66464540138688,2,11,3.36948717798384,1.6613292362527,1.99208772868079,8.18989655182794,0.710753353201099,0.00191516217140417,0.709276869404873,0.716088769984077,1.66016939119043,0.0338770830213948,1.59404950108648,1.72655172034792,3.18485774357377,0.121814393781332,2.96304644049206,3.44000832794209,0.72545934586151,0.714877885920786,0.744960516290689,0.29045934586151,0.279877885920786,0.309960516290689
"16","Columbian ground squirrel, Urocitellus columbianus",3,1.8,0.578,0.551492205623776,0.0048271482598112,0.542106230139833,0.560896500681432,1.71136363636363,0.872682894789784,1,4,4.4841293465909,2.48088897683775,2,11,3.10338881364472,1.58281789627383,1.78731127194969,7.25262111578591,0.722028068425128,0.0115554999212064,0.707801574443558,0.737312061732443,1.77285532304721,0.0467097239205424,1.7124497937105,1.83532005808654,3.35479215711394,0.0953120217745551,3.21731723673392,3.49554123940526,0.72545934586151,0.714877885920786,0.744960516290689,0.14745934586151,0.136877885920786,0.166960516290689
"17","Columbian ground squirrel, Urocitellus columbianus",2.8,1.9,0.724,0.551492205623776,0.0048271482598112,0.542106230139833,0.560896500681432,1.71136363636363,0.872682894789784,1,4,4.4841293465909,2.48088897683775,2,11,3.10338881364472,1.58281789627383,1.78731127194969,7.25262111578591,0.722028068425128,0.0115554999212064,0.707801574443558,0.737312061732443,1.77285532304721,0.0467097239205424,1.7124497937105,1.83532005808654,3.35479215711394,0.0953120217745551,3.21731723673392,3.49554123940526,0.709879756898795,0.700203045755524,0.728473216459546,-0.0141202431012054,-0.0237969542444759,0.00447321645954568
"18","Domestic cat, Felis catus",3.8,1.8,0.554,0.471031139492749,0.00825841930962618,0.454828967064064,0.487359241762855,1.84021739130435,0.935711798391673,1,4,5.24730076086957,3.01211166615947,2,13,3.90798683765378,1.98861755725737,2.06439771013476,8.57586210322314,0.76744862134242,0.00419665716414739,0.759580710569164,0.776089737987715,1.9647420751742,0.0230692500713078,1.91981239869317,2.01068603610862,3.82257897410198,0.0670776829982921,3.69337409811301,3.95753157856243,0.76546715333685,0.753801413374798,0.78302164808311,0.21146715333685,0.199801413374798,0.22902164808311
"19","Eastern chipmunk, Tamias straitus",2.8,2.5,0.86,0.624258984251859,0.0133695802797531,0.597889216161249,0.649894803519239,1.90232558139535,0.939937853916635,1,4,4.61901139534884,2.38916292364234,2,10,3.04873576564032,1.50814843757974,1.55107054712025,6.44746872448642,0.748384126847908,0.00849991550428167,0.732343659881843,0.765373229664557,1.86870187617416,0.0271639706648092,1.81574159250248,1.92141880890874,4.00659040105543,0.0860686270739424,3.84677641129349,4.18137663705548,0.709879756898795,0.700203045755524,0.728473216459546,-0.150120243101205,-0.159796954244476,-0.131526783540454
"20","Ermine, Mustela erminea",8.4,1.2,0.2,0.224134186563432,0.0206213019397442,0.185201482720912,0.266671262447249,1.84,0.856972268397839,1,4,9.192582,6.51124588430831,2,26,8.27968253225351,3.94889447845643,3.90325874343781,17.4444088556192,0.810569125656481,0.00977955023612784,0.800439693657828,0.836102864372092,2.13847181598258,0.132617188497212,1.89484551531429,2.41872683192168,5.3997929558175,0.50281314028848,4.49992245495779,6.4794297669782,0.831830088461075,0.820898268277886,0.845897066944399,0.631830088461075,0.620898268277886,0.6458970669444
"21","Ethiopian wolf, Canis simensis",4.7,1.3,0.333,0.387516679852448,0.0207882223645858,0.347189923253519,0.42895983424563,1.75,0.88741233722016,1,4,5.72060833333333,3.54950758966658,2,15,4.52900465212206,2.31290812187409,2.36963606797686,10.0920302452304,0.782096011179979,0.00977442068143783,0.766471479267115,0.804146910520401,2.02431808132809,0.0727858709407594,1.88589973520864,2.1721463441335,3.3644034558621,0.181520361192509,3.03058677380522,3.74434830726064,0.788452715660286,0.775379561993769,0.806690212563393,0.455452715660286,0.442379561993769,0.473690212563393
"22","Eurasian badger, Meles meles",2,1.4,0.396,0.604595500398542,0.00766166488373496,0.58942665588138,0.619299505473958,1.40057471264368,0.651170240858945,1,3,3.56646454022989,1.86422213238548,2,8,2.3169207388854,1.07769521555346,1.61781627542354,5.00514216960241,0.618781341221928,0.000706975312602256,0.618037782439289,0.620610930405252,1.43331935518344,0.00786844810741142,1.41786317482849,1.44854007652587,2.31597001227937,0.0293809208092794,2.26061863060715,2.37518949323497,0.62291015026307,0.618881806134894,0.632377392105415,0.226910150263069,0.222881806134894,0.236377392105415
"23","Gray fox, Urocyon cinereoargenteus",3.3,1.1,0.143,0.38987829190375,0.0305434084786314,0.330826613355934,0.45115478458872,1.42857142857143,0.688091610282314,1,4,4.80141285714286,3.03473143369961,2,13,3.68699863749824,1.80553230232949,2.24928339891434,9.44338411180903,0.734895692088581,0.013474591141555,0.723755762111871,0.771594359666011,1.60115582357849,0.0610671991358647,1.48661878895233,1.72735330020468,2.83898895087365,0.226023878105779,2.43818759711093,3.32500456628133,0.743707534736787,0.732428739234477,0.762867538598875,0.600707534736787,0.589428739234477,0.619867538598875
"24","Gray mouse lemur, Microcebus murinus",2,1.7,0.654,0.628230039577591,0.019228384146266,0.590352689349232,0.665610561428869,1.53461538461538,0.781242901684704,1,3,3.78859,2.0538745120588,2,9,2.44505652494944,1.24757989417744,1.51175060656164,4.99271934636535,0.619456084800472,0.00189666061971908,0.618035545901749,0.624909004961595,1.45825690143751,0.0204450827238781,1.41879460549379,1.49881282196319,2.70855885721217,0.0831923881793615,2.55404601217271,2.87963454841649,0.62291015026307,0.618881806134894,0.632377392105415,-0.0310898497369305,-0.0351181938651056,-0.0216226078945849
"25","Guadeloupe racoon, Procyon lotor",4,1.9,0.875,0.448124670033344,0.0271432639710279,0.393974034229039,0.501605593347383,1.8875,0.921870279543719,1,4,5.55197875,3.17229936936956,2,13,4.22763392785677,2.08484556345188,2.04001820615572,9.15872648665687,0.771607881444113,0.0130804370659745,0.750475234639879,0.80102997802635,1.97709496738764,0.0799152273552182,1.82160389909733,2.13836155383495,4.25563150353794,0.260815055700908,3.78783656569985,4.8226528525658,0.772681191062629,0.760906773823447,0.790213524228146,-0.102318808937371,-0.114093226176553,-0.0847864757718544
"26","Honey possum, Tarsipes rostratus",2.4,2,1,0.586345087397909,0.0428557407053991,0.503332805845361,0.670037434433734,1.48,0.727736943683718,1,3,3.815784,2.08752034261378,2,9,2.53785478516769,1.26556858972572,1.50921708250242,5.48514547525498,0.676710286435555,0.0118618013128968,0.666351409950823,0.70926993745969,1.60131432724061,0.0626614862768787,1.48484467929568,1.72889450810091,3.42953349346985,0.255573219183339,2.98490785343025,3.97351410089689,0.67184356486874,0.664587514408272,0.68706713761398,-0.32815643513126,-0.335412485591728,-0.31293286238602
"27","House mouse, Mus musculus",5.6,1.2,0.203,0.343339925571418,0.00283390578997535,0.337859458542247,0.348984927705369,1.67128027681661,0.851564060547401,1,4,5.98340569204153,3.88892760517353,2,16,4.86804484796248,2.48081513240748,2.87280828551547,11.6300301761755,0.774928590338638,0.0230493859851254,0.751154870107827,0.800509921514741,1.91867841099164,0.205816558458057,1.70071469192579,2.14426801948384,3.78659306289752,0.292966324163225,3.4482643656746,4.13364831363758,0.802835534585752,0.788316328891303,0.821183321991972,0.599835534585752,0.585316328891303,0.618183321991972
"28","House mouse, Mus musculus",4.1,1.4,0.336,0.343339925571418,0.00283390578997535,0.337859458542247,0.348984927705369,1.67128027681661,0.851564060547401,1,4,5.98340569204153,3.88892760517353,2,16,4.86804484796248,2.48081513240748,2.87280828551547,11.6300301761755,0.774928590338638,0.0230493859851254,0.751154870107827,0.800509921514741,1.91867841099164,0.205816558458057,1.70071469192579,2.14426801948384,3.78659306289752,0.292966324163225,3.4482643656746,4.13364831363758,0.775814265082832,0.763938768337059,0.793369590016638,0.439814265082832,0.427938768337059,0.457369590016638
"29","Large treeshrew, Tupaia tana",2,1.3,0.333,0.642960911306321,0.0342214941354988,0.574967338728257,0.707423906528891,1.41111111111111,0.612725481690352,1,3,3.47836222222222,1.71176372852051,2,8,2.20101610468337,0.964461908554429,1.42543345412569,4.71466987681791,0.62330401351611,0.0065535436091313,0.618040810971253,0.641329758816553,1.47473313389477,0.0371528740072431,1.40347660398304,1.54729768731999,2.02770774998389,0.109526385688374,1.83765347516142,2.26099799494989,0.62291015026307,0.618881806134894,0.632377392105415,0.289910150263069,0.285881806134894,0.299377392105415
"30","Mouflon, Ovis aries",2,1.7,0.738,0.637008435141025,0.0110060995927829,0.615534820092711,0.658750037392377,1.505,0.738224266819954,1,3,3.6958395,1.94558895026781,2,9,2.36331168201017,1.16013127012611,1.5238423141285,4.81670433646747,0.619473651737579,0.00134311610682433,0.618040573107438,0.622946190060849,1.46745621520796,0.0118538458332098,1.4446011564844,1.49114636031341,2.66952150127395,0.0461484941108084,2.5806450148749,2.76182588626213,0.62291015026307,0.618881806134894,0.632377392105415,-0.11508984973693,-0.119118193865106,-0.105622607894585
"31","Natal multimammate mouse, Mastomys natalensis",9.9,1.9,0.67,0.226754741614568,0.00712554013096516,0.213047914691906,0.240709891906439,2.19444444444445,1.18132344385604,1,5,10.5624733333333,7.53751632228918,2,30,9.68718307109325,5.2263314054051,4.22059852816638,22.4800317672938,0.83820758783367,0.00595950907412222,0.82710545168857,0.850186426241516,2.43618151398584,0.0576450827185287,2.32621326811631,2.54997243600934,8.38738382357947,0.263986314913465,7.89331915257859,8.91818163833833,0.829533411034092,0.82255219173845,0.840235029046512,0.159533411034092,0.15255219173845,0.170235029046512
"32","North American Beaver, Castor canadensis",3.7,1.6,0.556,0.487189760059791,0.027425308320721,0.43271817253745,0.540773160715517,1.71111111111111,0.933862802788399,1,4,4.82484333333333,2.90428755134277,2,12,3.52346032807358,1.93650799254713,1.87403149588817,8.43622977998528,0.769137492358308,0.014258624203043,0.744985675012566,0.800215929107982,1.97020075676654,0.0748616304948001,1.82510680527862,2.11993655678214,3.29466420287399,0.187571867633667,2.95872672026474,3.6975567506777,0.761388350630762,0.749809539066288,0.779001026423171,0.205388350630762,0.193809539066288,0.223001026423171
"33","Prairie vole, Microtus ochrogaster",4.8,1.6,0.556,0.360464992757967,0.0225841834055123,0.317467350653053,0.405448943558807,1.77777777777778,0.963533130348724,1,4,6.10607,3.98797513972187,2,17,4.95135613781416,2.70689676023266,2.51498068922763,12.1287041951893,0.775670635324042,0.008279269019215,0.765525973184218,0.795764588178002,1.96065210448379,0.0788883435203503,1.81383869843325,2.12099790257591,4.45622052403275,0.280579143560428,3.94624286381124,5.03988834452578,0.790368380940986,0.777065462441148,0.80871040320922,0.234368380940986,0.221065462441148,0.25271040320922
"34","Pronghorn, Antilocapra smericana",2,1.4,0.44,0.573570933936676,0.0202495885430887,0.534166304801071,0.613132100340179,1.396,0.612522775146899,1,3,3.669456,1.89935328653759,2,9,2.43691821532241,1.07339197755174,1.64030075053255,5.27505353992266,0.625803477189381,0.0063040879797731,0.618172520585983,0.6415521517808,1.40238541346428,0.0199230833881466,1.36441126072302,1.44209841506304,2.44390078900529,0.086556771458248,2.28335785914274,2.62090661245566,0.62291015026307,0.618881806134894,0.632377392105415,0.18291015026307,0.178881806134894,0.192377392105415
"35","Red fox, Vulpes vulpes",3.8,1.8,0.5,0.488833792224212,0.0228569270066167,0.44443048898799,0.532887479781261,1.91666666666667,0.89053703821668,1,4,5.32736583333333,2.85082313560366,2,12,3.92953073544449,1.83714035714165,1.91266642725724,8.3503453921061,0.77769572722532,0.0127822945184987,0.755193653669628,0.804260799444668,2.01576533055557,0.0652070434902974,1.89151848580942,2.14381991810375,3.69034190806961,0.17382044199597,3.37782377761973,4.05012717435003,0.76546715333685,0.753801413374798,0.78302164808311,0.26546715333685,0.253801413374798,0.28302164808311
"36","Red squirrel, Tamiasciurus hudsonicus",3,2,0.727,0.574930336645203,0.0131265543200166,0.548607091878645,0.600148000493156,1.83636363636363,1.02271728788517,1,4.02499999944121,4.66110590909091,2.69038586016031,2,11,3.19573239481259,1.78175330733383,1.67731424500792,7.57872598167864,0.745899349144286,0.00736154469264403,0.73197753371434,0.760777850235974,1.8685081156879,0.0282468141713555,1.81252622487315,1.92340535568226,3.48050062801371,0.0796886371049197,3.33251131158768,3.64559632861355,0.72545934586151,0.714877885920786,0.744960516290689,-0.00154065413848992,-0.0121221140792137,0.0179605162906892
"37","Red-backed vole, Myodes rutilus",4.3,1.2,0.232,0.356675607566099,0.00489545483757022,0.347121626241478,0.366213774100422,1.55348837209302,0.768371547797351,1,3,5.47078134883721,3.51794151748824,2,15,4.35628643307015,2.1556977125078,2.73904370669038,8.65644059756024,0.755759793182062,0.000447906784076774,0.755238806618358,0.756872026067854,1.80452271743862,0.0143433966715238,1.77666639446937,1.83260189774706,3.36503562794041,0.0462044627421952,3.27677461872583,3.45700155034493,0.780916168968239,0.768711411353696,0.798623209341997,0.548916168968239,0.536711411353696,0.566623209341997
"38","Richardson's ground squirrel, Urocitellus richardsonii",5.7,2.1,0.8,0.38744707404425,0.0164514972436361,0.355546764896258,0.420368635446656,2.24666666666666,1.29066778559439,1,5,7.08336933333333,4.51794413003736,2,18,5.80913761637997,3.34943832080213,2.42753386323775,13.4436440232159,0.830372559575213,0.0112972693906316,0.809107249677089,0.853483594692475,2.35312287910331,0.0764152951062069,2.20699850489365,2.5081262594849,5.42990608059255,0.231483344806013,4.99561533136905,5.90639602814354,0.804617291596327,0.79007764974043,0.822864677987751,0.00461729159632718,-0.00992235025957,0.0228646779877507
"39","Roe deer, Capreolus capreolus",2.1,1.2,0.155,0.589231602747515,0.0180020625923234,0.553276198200894,0.624374699553659,1.33636363636364,0.576466955070305,1,3,3.47415,1.77750199465118,2,8,2.27010268426727,0.982187350075532,1.60763373254032,5.09694983532003,0.633676959401053,0.00178863251704007,0.632442950891328,0.638824126796707,1.4635203968766,0.0201222286339302,1.42406802833557,1.50354044898886,2.03845955321959,0.0625467794951147,1.92192284715142,2.16889865121818,0.63613921553674,0.631222422383801,0.647276031777948,0.48113921553674,0.476222422383801,0.492276031777948
"40","Round-tailed ground squirrel, Xerospermophilus tereticaudus",4.1,2.5,0.548,0.561713208060297,0.0142508297729336,0.533860464255276,0.589342492832728,2.22903225806452,1.16776440128936,1,5,5.62148806451613,3.05270748863288,2,13,3.97083571074379,2.08339886349992,1.71798546265828,8.91389574786256,0.850340094655376,0.00992131122099406,0.83094352233643,0.869536027531761,2.38436299604581,0.049287353432575,2.28895523709756,2.48084995417776,4.45354222261424,0.113305493875748,4.24201551800126,4.68287158903515,0.775814265082832,0.763938768337059,0.793369590016638,0.227814265082832,0.215938768337058,0.245369590016638
"41","Silvery mole rat, Heliophobius argenteocinereus",3.5,1.1,0.091,0.426992386261328,0.0248524557744833,0.379074206515088,0.475392877622788,1.53636363636364,0.642117142286414,1,3,4.80508909090909,2.72028142113677,2,12,3.61040560213082,1.52635240709367,2.13120648404637,7.24041957666311,0.735087502725919,0.00412941414265502,0.731746476632861,0.746493069648184,1.7435886025272,0.0575320034930118,1.63523391821498,1.85819179424442,2.58496495773864,0.151812088893791,2.31387564243819,2.90180650937354,0.752951289897656,0.741527224748748,0.771161009111976,0.661951289897656,0.650527224748748,0.680161009111976
"42","Snowshoe hare, Lepus americanus",4,1.3,0.25,0.387675886018577,0.0191102043484881,0.350827734625611,0.425907990974322,1.54375,0.757024633469041,1,3,5.138065625,3.21542726088636,2,13,3.99178911781745,1.96985164458151,2.37459774241839,8.26014765827655,0.750683933254186,0.00345851671281624,0.747706738273198,0.76024007715269,1.80502241742185,0.052136900451821,1.70635791885117,1.91123843039706,3.36150662553048,0.166569951593158,3.05230243984555,3.70552231693681,0.772681191062629,0.760906773823447,0.790213524228146,0.522681191062629,0.510906773823447,0.540213524228146
"43","Spotted hyena, Crocuta crocuta",2,1.3,0.333,0.579275380037985,0.00990613954400288,0.55986644505611,0.598977892380573,1.36960784313726,0.644477204659567,1,3,3.58264960784314,1.92254600209838,2,9,2.36503876101922,1.11378216192788,1.67394894670039,5.22763476182686,0.623150957702644,0.00254973985038004,0.61916687780609,0.629020239913985,1.40780078441849,0.0098170291563055,1.38876008627795,1.42752922250445,2.24483994066678,0.0384266097410519,2.17036390915638,2.32198234337302,0.62291015026307,0.618881806134894,0.632377392105415,0.289910150263069,0.285881806134894,0.299377392105415
"44","Spotted-tailed quoll,  Dasyurus maculatus",5,1.8,0.667,0.422101618027094,0.0294976750629453,0.365137614369931,0.479434768607451,1.93333333333333,1.0780650069743,1,5,5.88137,3.68829765551344,2,15,4.60291109876671,2.59363736318438,2.12577057529558,11.33196148114,0.818100846080933,0.0189002519727439,0.784305746688795,0.856714587507444,2.25788292509684,0.117973730285095,2.03562873052847,2.49245410921287,4.28546895402417,0.30333094507504,3.75442107638627,4.92964824541191,0.793941028709596,0.780206583114307,0.812416441402876,0.126941028709596,0.113206583114307,0.145416441402876
"45","Striped field mouse, Apodemus agrarius",6.5,1.8,0.636,0.305194933582543,0.00852322218099156,0.288256252011029,0.321801376816893,2.01363636363636,1.07017234842322,1,4,7.67461909090909,5.10402577322937,2,21,6.60302751980437,3.5154999270405,3.14515521638732,13.8368597809201,0.808212479341525,0.00498695568899223,0.798901872600051,0.818432691657877,2.18931022074619,0.0430679509606784,2.10447150618376,2.27392927908777,5.90248058203732,0.165245737843687,5.59351242654767,6.24444392098358,0.817488574964045,0.803316459010052,0.834740689115175,0.181488574964045,0.167316459010052,0.198740689115175
"46","Striped hyena, Hyaena hyaena",2.5,1.5,0.5,0.508748740608231,0.0466472889569164,0.416248280988442,0.600836119470372,1.4,0.624500580466053,1,3,3.9723075,2.21280429923229,2,10,2.77554810079157,1.27060113965156,1.68741666422431,6.14100480829132,0.684372573773548,0.0138275851913652,0.675327089902781,0.724557849565645,1.53286099589757,0.0666185740249222,1.40692427488652,1.67022315466701,2.9738015365624,0.27944269767078,2.49652101694923,3.60361848710677,0.682402903967305,0.674467898149716,0.698698663730292,0.182402903967305,0.174467898149716,0.198698663730292
"47","Stuart's antechinus, Antechinus stuartii",4.4,2.8,0.923,0.528165199449818,0.0120217011807444,0.504510067708354,0.551407680253784,2.33333333333333,1.2796902974963,1,5,6.04597230769231,3.43171173964453,2,14,4.42010510026037,2.42688690061107,1.83394376698971,9.85075590702481,0.850445241306317,0.00833122729526151,0.834050560435058,0.866528454015928,2.41272217714491,0.0445861897588131,2.32569813796395,2.49964978647755,5.30412612031245,0.121092096166014,5.07791258875302,5.54993880054129,0.782982716933472,0.770579108253622,0.800813378147603,-0.140017283066528,-0.152420891746378,-0.122186621852397
"48","Swamp antechinus, Antechinus minimus",6.1,2,0.8,0.351737026946138,0.019221650765486,0.314208002282628,0.389224743261652,2.18,1.08055595301732,1,5,7.410579,4.51722152324295,2,19,6.21644567935651,3.10484304571629,2.6326065988533,13.5021404134778,0.823744220360031,0.0128497051137235,0.800179775079504,0.849900345032548,2.31085873047835,0.0942702345402018,2.13005403714308,2.49769987561544,5.70316117372157,0.313763166384522,5.1384194728139,6.36521026088555,0.811602253364758,0.797156024770964,0.829377033342281,0.011602253364758,-0.00284397522903601,0.0293770333422813
"49","Tundra vole, Microtus oeconomus",5.3,1.6,0.381,0.341690707200501,0.0140599041497673,0.314332668776976,0.369298894157558,1.87142857142857,0.969851892202493,1,4,6.6215380952381,4.26714167968447,2,17,5.48627775226002,2.8546573305569,2.74711218283041,12.0677352001558,0.786262379253167,0.00612757059982429,0.77623314429747,0.799801024569399,2.03317250160213,0.0554835763699967,1.92670902698616,2.14358071939966,4.69055807826811,0.193817468076043,4.33253396463748,5.09014862011835,0.798326420934992,0.78407828362804,0.816838525555607,0.417326420934992,0.40307828362804,0.435838525555607
"50","Ural field mouse, Apodemus uralensis",5,1.4,0.435,0.354722920187657,0.00991024854797787,0.335072776287409,0.374061802520865,1.78478260869565,0.955184445537588,1,4,6.18154434782609,4.02380470450426,2,16,5.03541868383137,2.6996067743202,2.69489599754809,11.5317576958701,0.780030468308832,0.00403841182914215,0.772974090452382,0.788676292387595,1.99727199200761,0.0364782378661081,1.92565739419151,2.06912130202256,3.94982902848648,0.110580585834725,3.74269703734813,4.17819679519483,0.793941028709596,0.780206583114307,0.812416441402876,0.358941028709596,0.345206583114307,0.377416441402876
"51","Virginia opossum, Didelphis virginiana",8.7,1.4,0.406,0.212666252868758,0.00552948036156265,0.202122988977386,0.223626150158613,1.8515625,1.01926638859647,1,4,9.59964484375,7.23901754595473,2,28,8.71231491901579,4.80302081312911,4.51051578792012,19.4343560672442,0.807530927713522,0.00237652912446333,0.803634919630619,0.812797940759015,2.11446210346059,0.0365401655644034,2.04528097647704,2.18739653036532,6.58753938180435,0.171461746757413,6.26044851660765,6.92647584082443,0.832239135700533,0.822034680146233,0.845694362361932,0.426239135700533,0.416034680146233,0.439694362361932
"52","Western European hedgehog, Erinaceus europaeus",5,1.4,0.4,0.356616911147076,0.0286710918523766,0.301893608608252,0.413377991658662,1.92,1.05527353193589,1,4,6.582122,4.32518732445276,2,18,5.41919524369124,3.02084859532051,2.4795057066682,12.6039612155855,0.782983309206275,0.0118206237161751,0.768951547965838,0.811616460215315,2.00601612863239,0.105946309285302,1.8094992907961,2.22119436348552,3.95149653185819,0.322080897018199,3.38673085715028,4.6373952983814,0.793941028709596,0.780206583114307,0.812416441402876,0.393941028709596,0.380206583114307,0.412416441402876
"53","White-tailed deer, Odocoileus virginianus",2.1,1.3,0.259,0.605496972643434,0.00977729053836574,0.586282311008845,0.624933322529262,1.38703703703704,0.622285629638143,1,3,3.53353444444444,1.81217283246845,2,8,2.2913389573886,1.02879521119349,1.6048095932887,4.98548513546287,0.625875895089172,0.00709225348292973,0.618040278131112,0.634201937481992,1.45800379836898,0.0260062779387514,1.41784503065193,1.50034123703057,2.23015500659051,0.0901242253716745,2.09122075523574,2.37526223527216,0.63613921553674,0.631222422383801,0.647276031777948,0.37713921553674,0.372222422383801,0.388276031777948
"54","White-tailed deer, Odocoileus virginianus",2,1.4,0.37,0.605496972643434,0.00977729053836574,0.586282311008845,0.624933322529262,1.38703703703704,0.622285629638143,1,3,3.53353444444444,1.81217283246845,2,8,2.2913389573886,1.02879521119349,1.6048095932887,4.98548513546287,0.625875895089172,0.00709225348292973,0.618040278131112,0.634201937481992,1.45800379836898,0.0260062779387514,1.41784503065193,1.50034123703057,2.23015500659051,0.0901242253716745,2.09122075523574,2.37526223527216,0.62291015026307,0.618881806134894,0.632377392105415,0.25291015026307,0.248881806134894,0.262377392105415
"55","White-toothed shrew, Crocidura russula",2.3,1,0,0.519119039097834,0.0153018181762131,0.489854016260871,0.549775774172002,1.32619047619048,0.625474950744668,1,3,3.71974857142857,2.0979215778029,2,9,2.55691573900052,1.20880570774832,1.82624050903885,5.87578017134336,0.662828612651322,0.00449825364936762,0.656676412431304,0.673570397321755,1.46635443184079,0.0187735107681366,1.43098569709856,1.50452557020178,1.92801545849231,0.056879822392721,1.81892336377794,2.04142452057152,0.660578651942262,0.654050319309122,0.67458041353063,0.660578651942262,0.654050319309122,0.67458041353063
"56","Wild boar, Sus scrofa",4.5,1.1,0.1,0.326279607025107,0.012666794569469,0.301772194802291,0.351614201570569,1.48333333333333,0.685362954058909,1,3,5.62700266666666,3.68545350219598,2,15,4.55307650687533,2.11276506117413,2.86928350869446,9.51778552451779,0.760879913474279,0.00177617014746501,0.759621862760805,0.76587204291739,1.76742583392333,0.0381887088723966,1.69451083811647,1.84480774964126,3.37643875790755,0.131513236032884,3.12842881658929,3.64513370995214,0.784860547884946,0.772242373356168,0.802829440984856,0.684860547884946,0.672242373356168,0.702829440984856
"57","Wolverine, Gulo gulo",2.1,1,0,0.57104223475814,0.0155681949390715,0.540598075292125,0.601457168307331,1.33953488372093,0.571468812623167,1,3,3.5459788372093,1.82621102891235,2,8,2.347519041462,1.00391657050912,1.66860761929653,5.2370641983077,0.6354630428519,0.00292204361868461,0.632453560329405,0.643050006297974,1.44337497250981,0.0169730070042446,1.41070487496437,1.47704961470064,1.75248817331364,0.0478792456535784,1.66262878344772,1.84980310827253,0.63613921553674,0.631222422383801,0.647276031777948,0.63613921553674,0.631222422383801,0.647276031777948
"58","Wood mouse, Apodemus sylvaticus",4.7,1.7,0.643,0.405721104198926,0.0131584356477748,0.380472946819671,0.431883454105153,1.98928571428571,1.08062147118673,1,5,6.18069142857142,3.82297679062056,2,16,4.90825114644282,2.67242933574008,2.34731496288343,12.1048840673887,0.790774715406597,0.00722754041021442,0.777834265192896,0.80597328839307,2.08816937921278,0.0471177165308396,1.99882243505553,2.1829238036849,4.19448392406963,0.136240833201149,3.93624711475693,4.46812319851113,0.788452715660286,0.775379561993769,0.806690212563393,0.145452715660286,0.132379561993769,0.163690212563393
"59","Woodchuck, Marmota monax",3.5,1.8,0.631,0.533282443219322,0.0162657220905672,0.501220128483406,0.564931894266799,1.90384615384615,0.969925151596041,1,4,5.02432192307692,2.76854923265259,2,12,3.573382095409,1.82460612384178,1.78967938157037,7.68181531763733,0.776484544522337,0.00978502194438241,0.758221606830598,0.796395558414596,2.00620119964296,0.0429212161337179,1.92277417088922,2.09083323419982,3.37847034475033,0.10332350507999,3.18622478207591,3.59123646067357,0.752951289897656,0.741527224748748,0.771161009111976,0.121951289897656,0.110527224748748,0.140161009111976
"60","Yellow-necked field mouse, Apodemus flavicollis",5,1.5,0.514,0.366993631064429,0.0116304212552501,0.344619641118774,0.39026276548329,1.79714285714286,0.963026828878922,1,4,6.06929342857143,3.89519904663695,2,16,4.90185510567348,2.63265352867607,2.59110281654859,11.2299018419906,0.78552467177766,0.00553079830985424,0.775922875939767,0.797501116876341,2.04289036602549,0.0435211984725513,1.96009609147319,2.13090169704776,4.09137349837612,0.12980495339262,3.84356421541219,4.35262481015922,0.793941028709596,0.780206583114307,0.812416441402876,0.279941028709596,0.266206583114307,0.298416441402876
